methodId,methodKey,engineId,upstreamCommit,repositoryCommit,freezeManifestSha256,scenarioSet,metric,unit,scope,estimator,estimate,confidenceLower,confidenceUpper,contributingScenarios,bootstrapReplicates
conditioned_riemannian_metric_v1,conditioned_riemannian_metric_v1--45386d3d5316,scientific_core_engine_v1,,6bdc66c489e09c7bbdce2a82ebf344b63b006411,a53a6aadce6ba4e0b54397975b02dd6e9affed77b50a379e1747c2d0fcb81890,frozen_test_290,success_fraction,fraction,overall,mean,0.2773814484126984,0.25511805555555556,0.29791468253968256,290,10000
conditioned_riemannian_metric_v1,conditioned_riemannian_metric_v1--45386d3d5316,scientific_core_engine_v1,,6bdc66c489e09c7bbdce2a82ebf344b63b006411,a53a6aadce6ba4e0b54397975b02dd6e9affed77b50a379e1747c2d0fcb81890,frozen_test_290,pre_correction_overlap_exposure,pair-s per agent-s,overall,mean,0.6235434840029761,0.6100150671709653,0.6372282494212962,290,10000
conditioned_riemannian_metric_v1,conditioned_riemannian_metric_v1--45386d3d5316,scientific_core_engine_v1,,6bdc66c489e09c7bbdce2a82ebf344b63b006411,a53a6aadce6ba4e0b54397975b02dd6e9affed77b50a379e1747c2d0fcb81890,frozen_test_290,maximum_pre_correction_penetration,m,overall,median,0.05728378639842796,0.05574114377324455,0.05957601808405584,290,10000
conditioned_riemannian_metric_v1,conditioned_riemannian_metric_v1--45386d3d5316,scientific_core_engine_v1,,6bdc66c489e09c7bbdce2a82ebf344b63b006411,a53a6aadce6ba4e0b54397975b02dd6e9affed77b50a379e1747c2d0fcb81890,frozen_test_290,normalized_travel_time,ratio conditional on success,overall,median,1.496785546940881,1.4762400108861402,1.515963358578505,254,10000
conditioned_riemannian_metric_v1,conditioned_riemannian_metric_v1--45386d3d5316,scientific_core_engine_v1,,6bdc66c489e09c7bbdce2a82ebf344b63b006411,a53a6aadce6ba4e0b54397975b02dd6e9affed77b50a379e1747c2d0fcb81890,frozen_test_290,path_ratio,path length / straight-line distance,overall,median,0.967598165269069,0.966415124689817,0.9691383175177345,254,10000
conditioned_riemannian_metric_v1,conditioned_riemannian_metric_v1--45386d3d5316,scientific_core_engine_v1,,6bdc66c489e09c7bbdce2a82ebf344b63b006411,a53a6aadce6ba4e0b54397975b02dd6e9affed77b50a379e1747c2d0fcb81890,frozen_test_290,rms_acceleration,m/s^2,overall,median,2.7922436990767885,2.710953244681744,2.836233408096698,290,10000
conditioned_riemannian_metric_v1,conditioned_riemannian_metric_v1--45386d3d5316,scientific_core_engine_v1,,6bdc66c489e09c7bbdce2a82ebf344b63b006411,a53a6aadce6ba4e0b54397975b02dd6e9affed77b50a379e1747c2d0fcb81890,frozen_test_290,rms_jerk,m/s^3,overall,median,194.61307769915254,188.58195997852857,199.0948914224058,290,10000
conditioned_riemannian_metric_v1,conditioned_riemannian_metric_v1--45386d3d5316,scientific_core_engine_v1,,6bdc66c489e09c7bbdce2a82ebf344b63b006411,a53a6aadce6ba4e0b54397975b02dd6e9affed77b50a379e1747c2d0fcb81890,frozen_test_290,correction_ratio,ratio,overall,median,0.8298402274298522,0.8178212163987794,0.9226758885111471,290,10000
conditioned_riemannian_metric_v1,conditioned_riemannian_metric_v1--45386d3d5316,scientific_core_engine_v1,,6bdc66c489e09c7bbdce2a82ebf344b63b006411,a53a6aadce6ba4e0b54397975b02dd6e9affed77b50a379e1747c2d0fcb81890,frozen_test_bottleneck,throughput,agents/s,bottleneck,mean,0.18416666666666665,0.16166666666666665,0.20499999999999996,30,10000
conditioned_riemannian_metric_v1,conditioned_riemannian_metric_v1--45386d3d5316,scientific_core_engine_v1,,6bdc66c489e09c7bbdce2a82ebf344b63b006411,a53a6aadce6ba4e0b54397975b02dd6e9affed77b50a379e1747c2d0fcb81890,frozen_test_pairwise,avoidance_onset_rate,fraction,pairwise,mean,0.525,0.51,0.54,200,10000
conditioned_riemannian_metric_v1,conditioned_riemannian_metric_v1--45386d3d5316,scientific_core_engine_v1,,6bdc66c489e09c7bbdce2a82ebf344b63b006411,a53a6aadce6ba4e0b54397975b02dd6e9affed77b50a379e1747c2d0fcb81890,frozen_test_pairwise,ttc_at_onset,s,pairwise,median,,,,109,0
conditioned_riemannian_metric_v1,conditioned_riemannian_metric_v1--45386d3d5316,scientific_core_engine_v1,,6bdc66c489e09c7bbdce2a82ebf344b63b006411,a53a6aadce6ba4e0b54397975b02dd6e9affed77b50a379e1747c2d0fcb81890,frozen_test_pairwise,minimum_pre_correction_physical_clearance,m,pairwise,median,0.22329395165846336,0.21491013089844743,0.24047236328575394,200,10000
conditioned_riemannian_metric_v1,conditioned_riemannian_metric_v1--45386d3d5316,scientific_core_engine_v1,,6bdc66c489e09c7bbdce2a82ebf344b63b006411,a53a6aadce6ba4e0b54397975b02dd6e9affed77b50a379e1747c2d0fcb81890,frozen_test_pairwise,minimum_post_correction_physical_clearance,m,pairwise,median,0.2321337296286077,0.22366969369470827,0.249230173878398,200,10000
euclidean_goal_steering_v1,euclidean_goal_steering_v1--bdb72f7142a1,scientific_core_engine_v1,,6bdc66c489e09c7bbdce2a82ebf344b63b006411,a53a6aadce6ba4e0b54397975b02dd6e9affed77b50a379e1747c2d0fcb81890,frozen_test_290,success_fraction,fraction,overall,mean,0.2738184523809524,0.24919494047619048,0.29707837301587303,290,10000
euclidean_goal_steering_v1,euclidean_goal_steering_v1--bdb72f7142a1,scientific_core_engine_v1,,6bdc66c489e09c7bbdce2a82ebf344b63b006411,a53a6aadce6ba4e0b54397975b02dd6e9affed77b50a379e1747c2d0fcb81890,frozen_test_290,pre_correction_overlap_exposure,pair-s per agent-s,overall,mean,0.6332619353505289,0.6149963132440476,0.6536582992311504,290,10000
euclidean_goal_steering_v1,euclidean_goal_steering_v1--bdb72f7142a1,scientific_core_engine_v1,,6bdc66c489e09c7bbdce2a82ebf344b63b006411,a53a6aadce6ba4e0b54397975b02dd6e9affed77b50a379e1747c2d0fcb81890,frozen_test_290,maximum_pre_correction_penetration,m,overall,median,0.07431954600889815,0.0724832202909038,0.07665515719347119,290,10000
euclidean_goal_steering_v1,euclidean_goal_steering_v1--bdb72f7142a1,scientific_core_engine_v1,,6bdc66c489e09c7bbdce2a82ebf344b63b006411,a53a6aadce6ba4e0b54397975b02dd6e9affed77b50a379e1747c2d0fcb81890,frozen_test_290,normalized_travel_time,ratio conditional on success,overall,median,1.4451392444438633,1.4149420392494734,1.4635743829718848,258,10000
euclidean_goal_steering_v1,euclidean_goal_steering_v1--bdb72f7142a1,scientific_core_engine_v1,,6bdc66c489e09c7bbdce2a82ebf344b63b006411,a53a6aadce6ba4e0b54397975b02dd6e9affed77b50a379e1747c2d0fcb81890,frozen_test_290,path_ratio,path length / straight-line distance,overall,median,0.9608856725971852,0.9596654481864544,0.9625860499025096,258,10000
euclidean_goal_steering_v1,euclidean_goal_steering_v1--bdb72f7142a1,scientific_core_engine_v1,,6bdc66c489e09c7bbdce2a82ebf344b63b006411,a53a6aadce6ba4e0b54397975b02dd6e9affed77b50a379e1747c2d0fcb81890,frozen_test_290,rms_acceleration,m/s^2,overall,median,4.30329595731733,4.2430312121912035,4.357487887217792,290,10000
euclidean_goal_steering_v1,euclidean_goal_steering_v1--bdb72f7142a1,scientific_core_engine_v1,,6bdc66c489e09c7bbdce2a82ebf344b63b006411,a53a6aadce6ba4e0b54397975b02dd6e9affed77b50a379e1747c2d0fcb81890,frozen_test_290,rms_jerk,m/s^3,overall,median,322.30946490095823,317.632677331454,326.5490988504521,290,10000
euclidean_goal_steering_v1,euclidean_goal_steering_v1--bdb72f7142a1,scientific_core_engine_v1,,6bdc66c489e09c7bbdce2a82ebf344b63b006411,a53a6aadce6ba4e0b54397975b02dd6e9affed77b50a379e1747c2d0fcb81890,frozen_test_290,correction_ratio,ratio,overall,median,0.8443664390937509,0.8220157659049478,0.8872454609074647,290,10000
euclidean_goal_steering_v1,euclidean_goal_steering_v1--bdb72f7142a1,scientific_core_engine_v1,,6bdc66c489e09c7bbdce2a82ebf344b63b006411,a53a6aadce6ba4e0b54397975b02dd6e9affed77b50a379e1747c2d0fcb81890,frozen_test_bottleneck,throughput,agents/s,bottleneck,mean,0.19333333333333333,0.17416666666666666,0.21249999999999994,30,10000
euclidean_goal_steering_v1,euclidean_goal_steering_v1--bdb72f7142a1,scientific_core_engine_v1,,6bdc66c489e09c7bbdce2a82ebf344b63b006411,a53a6aadce6ba4e0b54397975b02dd6e9affed77b50a379e1747c2d0fcb81890,frozen_test_pairwise,avoidance_onset_rate,fraction,pairwise,mean,0,0,0,200,10000
euclidean_goal_steering_v1,euclidean_goal_steering_v1--bdb72f7142a1,scientific_core_engine_v1,,6bdc66c489e09c7bbdce2a82ebf344b63b006411,a53a6aadce6ba4e0b54397975b02dd6e9affed77b50a379e1747c2d0fcb81890,frozen_test_pairwise,ttc_at_onset,s,pairwise,median,,,,0,0
euclidean_goal_steering_v1,euclidean_goal_steering_v1--bdb72f7142a1,scientific_core_engine_v1,,6bdc66c489e09c7bbdce2a82ebf344b63b006411,a53a6aadce6ba4e0b54397975b02dd6e9affed77b50a379e1747c2d0fcb81890,frozen_test_pairwise,minimum_pre_correction_physical_clearance,m,pairwise,median,0.21204232296697856,0.20352892411490514,0.22895384111638023,200,10000
euclidean_goal_steering_v1,euclidean_goal_steering_v1--bdb72f7142a1,scientific_core_engine_v1,,6bdc66c489e09c7bbdce2a82ebf344b63b006411,a53a6aadce6ba4e0b54397975b02dd6e9affed77b50a379e1747c2d0fcb81890,frozen_test_pairwise,minimum_post_correction_physical_clearance,m,pairwise,median,0.23213372962860773,0.22366969369470824,0.24923017387839802,200,10000
orca_rvo2_v1,orca_rvo2_v1--1ab544afd1fc,orca_rvo2_engine_v1,b577921d2bc1281a6b721c2d4778f397d37da97d,6bdc66c489e09c7bbdce2a82ebf344b63b006411,a53a6aadce6ba4e0b54397975b02dd6e9affed77b50a379e1747c2d0fcb81890,frozen_test_290,success_fraction,fraction,overall,mean,0.4360064484126984,0.4277078373015873,0.44364533730158723,290,10000
orca_rvo2_v1,orca_rvo2_v1--1ab544afd1fc,orca_rvo2_engine_v1,b577921d2bc1281a6b721c2d4778f397d37da97d,6bdc66c489e09c7bbdce2a82ebf344b63b006411,a53a6aadce6ba4e0b54397975b02dd6e9affed77b50a379e1747c2d0fcb81890,frozen_test_290,pre_correction_overlap_exposure,pair-s per agent-s,overall,mean,0.15635860243055566,0.15226133432539687,0.16063210958168006,290,10000
orca_rvo2_v1,orca_rvo2_v1--1ab544afd1fc,orca_rvo2_engine_v1,b577921d2bc1281a6b721c2d4778f397d37da97d,6bdc66c489e09c7bbdce2a82ebf344b63b006411,a53a6aadce6ba4e0b54397975b02dd6e9affed77b50a379e1747c2d0fcb81890,frozen_test_290,maximum_pre_correction_penetration,m,overall,median,0.012502733305483932,0.01097505443738784,0.013442725925783747,290,10000
orca_rvo2_v1,orca_rvo2_v1--1ab544afd1fc,orca_rvo2_engine_v1,b577921d2bc1281a6b721c2d4778f397d37da97d,6bdc66c489e09c7bbdce2a82ebf344b63b006411,a53a6aadce6ba4e0b54397975b02dd6e9affed77b50a379e1747c2d0fcb81890,frozen_test_290,normalized_travel_time,ratio conditional on success,overall,median,1.3611222077372542,1.3210477744044784,1.3809916248942482,290,10000
orca_rvo2_v1,orca_rvo2_v1--1ab544afd1fc,orca_rvo2_engine_v1,b577921d2bc1281a6b721c2d4778f397d37da97d,6bdc66c489e09c7bbdce2a82ebf344b63b006411,a53a6aadce6ba4e0b54397975b02dd6e9affed77b50a379e1747c2d0fcb81890,frozen_test_290,path_ratio,path length / straight-line distance,overall,median,0.9468708785655537,0.9400965326156226,0.9553723477039952,290,10000
orca_rvo2_v1,orca_rvo2_v1--1ab544afd1fc,orca_rvo2_engine_v1,b577921d2bc1281a6b721c2d4778f397d37da97d,6bdc66c489e09c7bbdce2a82ebf344b63b006411,a53a6aadce6ba4e0b54397975b02dd6e9affed77b50a379e1747c2d0fcb81890,frozen_test_290,rms_acceleration,m/s^2,overall,median,1.6598702820828577,1.6192208179079817,1.7118406794250411,290,10000
orca_rvo2_v1,orca_rvo2_v1--1ab544afd1fc,orca_rvo2_engine_v1,b577921d2bc1281a6b721c2d4778f397d37da97d,6bdc66c489e09c7bbdce2a82ebf344b63b006411,a53a6aadce6ba4e0b54397975b02dd6e9affed77b50a379e1747c2d0fcb81890,frozen_test_290,rms_jerk,m/s^3,overall,median,98.67220592946437,96.38710135387336,101.72229585186196,290,10000
orca_rvo2_v1,orca_rvo2_v1--1ab544afd1fc,orca_rvo2_engine_v1,b577921d2bc1281a6b721c2d4778f397d37da97d,6bdc66c489e09c7bbdce2a82ebf344b63b006411,a53a6aadce6ba4e0b54397975b02dd6e9affed77b50a379e1747c2d0fcb81890,frozen_test_290,correction_ratio,ratio,overall,median,0,0,0,290,10000
orca_rvo2_v1,orca_rvo2_v1--1ab544afd1fc,orca_rvo2_engine_v1,b577921d2bc1281a6b721c2d4778f397d37da97d,6bdc66c489e09c7bbdce2a82ebf344b63b006411,a53a6aadce6ba4e0b54397975b02dd6e9affed77b50a379e1747c2d0fcb81890,frozen_test_bottleneck,throughput,agents/s,bottleneck,mean,0.055833333333333325,0.05000000000000002,0.060833333333333336,30,10000
orca_rvo2_v1,orca_rvo2_v1--1ab544afd1fc,orca_rvo2_engine_v1,b577921d2bc1281a6b721c2d4778f397d37da97d,6bdc66c489e09c7bbdce2a82ebf344b63b006411,a53a6aadce6ba4e0b54397975b02dd6e9affed77b50a379e1747c2d0fcb81890,frozen_test_pairwise,avoidance_onset_rate,fraction,pairwise,mean,0.515,0.495,0.5349999999999999,200,10000
orca_rvo2_v1,orca_rvo2_v1--1ab544afd1fc,orca_rvo2_engine_v1,b577921d2bc1281a6b721c2d4778f397d37da97d,6bdc66c489e09c7bbdce2a82ebf344b63b006411,a53a6aadce6ba4e0b54397975b02dd6e9affed77b50a379e1747c2d0fcb81890,frozen_test_pairwise,ttc_at_onset,s,pairwise,median,,,,92,0
orca_rvo2_v1,orca_rvo2_v1--1ab544afd1fc,orca_rvo2_engine_v1,b577921d2bc1281a6b721c2d4778f397d37da97d,6bdc66c489e09c7bbdce2a82ebf344b63b006411,a53a6aadce6ba4e0b54397975b02dd6e9affed77b50a379e1747c2d0fcb81890,frozen_test_pairwise,minimum_pre_correction_physical_clearance,m,pairwise,median,0.23141422829469804,0.22294677763421225,0.2485173586107435,200,10000
orca_rvo2_v1,orca_rvo2_v1--1ab544afd1fc,orca_rvo2_engine_v1,b577921d2bc1281a6b721c2d4778f397d37da97d,6bdc66c489e09c7bbdce2a82ebf344b63b006411,a53a6aadce6ba4e0b54397975b02dd6e9affed77b50a379e1747c2d0fcb81890,frozen_test_pairwise,minimum_post_correction_physical_clearance,m,pairwise,median,0.23141422829469804,0.22294151714428578,0.2486690029003922,200,10000
social_force_pysocialforce_v1,social_force_pysocialforce_v1--a27575969af7,pysocialforce_engine_v1,8c81cd1ed5db8d0e933417cec77954aa967d4459,6bdc66c489e09c7bbdce2a82ebf344b63b006411,a53a6aadce6ba4e0b54397975b02dd6e9affed77b50a379e1747c2d0fcb81890,frozen_test_290,success_fraction,fraction,overall,mean,0.6208978174603175,0.6195436507936508,0.6222321428571428,290,10000
social_force_pysocialforce_v1,social_force_pysocialforce_v1--a27575969af7,pysocialforce_engine_v1,8c81cd1ed5db8d0e933417cec77954aa967d4459,6bdc66c489e09c7bbdce2a82ebf344b63b006411,a53a6aadce6ba4e0b54397975b02dd6e9affed77b50a379e1747c2d0fcb81890,frozen_test_290,pre_correction_overlap_exposure,pair-s per agent-s,overall,mean,1.6041647278025792,1.5998668933945104,1.6083144434110448,290,10000
social_force_pysocialforce_v1,social_force_pysocialforce_v1--a27575969af7,pysocialforce_engine_v1,8c81cd1ed5db8d0e933417cec77954aa967d4459,6bdc66c489e09c7bbdce2a82ebf344b63b006411,a53a6aadce6ba4e0b54397975b02dd6e9affed77b50a379e1747c2d0fcb81890,frozen_test_290,maximum_pre_correction_penetration,m,overall,median,0.4902556677501456,0.4873086208570956,0.49367506124886906,290,10000
social_force_pysocialforce_v1,social_force_pysocialforce_v1--a27575969af7,pysocialforce_engine_v1,8c81cd1ed5db8d0e933417cec77954aa967d4459,6bdc66c489e09c7bbdce2a82ebf344b63b006411,a53a6aadce6ba4e0b54397975b02dd6e9affed77b50a379e1747c2d0fcb81890,frozen_test_290,normalized_travel_time,ratio conditional on success,overall,median,1.0028852746099644,0.9924001972106804,1.0127200093480107,290,10000
social_force_pysocialforce_v1,social_force_pysocialforce_v1--a27575969af7,pysocialforce_engine_v1,8c81cd1ed5db8d0e933417cec77954aa967d4459,6bdc66c489e09c7bbdce2a82ebf344b63b006411,a53a6aadce6ba4e0b54397975b02dd6e9affed77b50a379e1747c2d0fcb81890,frozen_test_290,path_ratio,path length / straight-line distance,overall,median,0.9787273833372871,0.977287333784075,0.9801876028840328,290,10000
social_force_pysocialforce_v1,social_force_pysocialforce_v1--a27575969af7,pysocialforce_engine_v1,8c81cd1ed5db8d0e933417cec77954aa967d4459,6bdc66c489e09c7bbdce2a82ebf344b63b006411,a53a6aadce6ba4e0b54397975b02dd6e9affed77b50a379e1747c2d0fcb81890,frozen_test_290,rms_acceleration,m/s^2,overall,median,1.8263159541599776,1.759782052988299,1.8772350824158228,290,10000
social_force_pysocialforce_v1,social_force_pysocialforce_v1--a27575969af7,pysocialforce_engine_v1,8c81cd1ed5db8d0e933417cec77954aa967d4459,6bdc66c489e09c7bbdce2a82ebf344b63b006411,a53a6aadce6ba4e0b54397975b02dd6e9affed77b50a379e1747c2d0fcb81890,frozen_test_290,rms_jerk,m/s^3,overall,median,105.96863501418514,101.99939827764551,109.15140518878162,290,10000
social_force_pysocialforce_v1,social_force_pysocialforce_v1--a27575969af7,pysocialforce_engine_v1,8c81cd1ed5db8d0e933417cec77954aa967d4459,6bdc66c489e09c7bbdce2a82ebf344b63b006411,a53a6aadce6ba4e0b54397975b02dd6e9affed77b50a379e1747c2d0fcb81890,frozen_test_290,correction_ratio,ratio,overall,median,0,0,0,290,10000
social_force_pysocialforce_v1,social_force_pysocialforce_v1--a27575969af7,pysocialforce_engine_v1,8c81cd1ed5db8d0e933417cec77954aa967d4459,6bdc66c489e09c7bbdce2a82ebf344b63b006411,a53a6aadce6ba4e0b54397975b02dd6e9affed77b50a379e1747c2d0fcb81890,frozen_test_bottleneck,throughput,agents/s,bottleneck,mean,0.39499999999999996,0.38416666666666666,0.4066666666666667,30,10000
social_force_pysocialforce_v1,social_force_pysocialforce_v1--a27575969af7,pysocialforce_engine_v1,8c81cd1ed5db8d0e933417cec77954aa967d4459,6bdc66c489e09c7bbdce2a82ebf344b63b006411,a53a6aadce6ba4e0b54397975b02dd6e9affed77b50a379e1747c2d0fcb81890,frozen_test_pairwise,avoidance_onset_rate,fraction,pairwise,mean,0.3825,0.365,0.4,200,10000
social_force_pysocialforce_v1,social_force_pysocialforce_v1--a27575969af7,pysocialforce_engine_v1,8c81cd1ed5db8d0e933417cec77954aa967d4459,6bdc66c489e09c7bbdce2a82ebf344b63b006411,a53a6aadce6ba4e0b54397975b02dd6e9affed77b50a379e1747c2d0fcb81890,frozen_test_pairwise,ttc_at_onset,s,pairwise,median,,,,90,0
social_force_pysocialforce_v1,social_force_pysocialforce_v1--a27575969af7,pysocialforce_engine_v1,8c81cd1ed5db8d0e933417cec77954aa967d4459,6bdc66c489e09c7bbdce2a82ebf344b63b006411,a53a6aadce6ba4e0b54397975b02dd6e9affed77b50a379e1747c2d0fcb81890,frozen_test_pairwise,minimum_pre_correction_physical_clearance,m,pairwise,median,0.0323201623588176,0.018972812460598426,0.052706501461806776,200,10000
social_force_pysocialforce_v1,social_force_pysocialforce_v1--a27575969af7,pysocialforce_engine_v1,8c81cd1ed5db8d0e933417cec77954aa967d4459,6bdc66c489e09c7bbdce2a82ebf344b63b006411,a53a6aadce6ba4e0b54397975b02dd6e9affed77b50a379e1747c2d0fcb81890,frozen_test_pairwise,minimum_post_correction_physical_clearance,m,pairwise,median,0.0323201623588176,0.018994624157457285,0.05282885871097809,200,10000
