proposedMethodId,proposedMethodKey,comparatorMethodId,comparatorMethodKey,metric,unit,scope,differenceDefinition,proposedEstimate,comparatorEstimate,pairedDifference,confidenceLower,confidenceUpper,pairedScenarioCount,bootstrapReplicates,freezeManifestSha256
conditioned_riemannian_metric_v1,conditioned_riemannian_metric_v1--45386d3d5316,euclidean_goal_steering_v1,euclidean_goal_steering_v1--bdb72f7142a1,success_fraction,fraction,overall,Conditioned Riemannian minus comparator,0.2773814484126984,0.2738184523809524,0.0035629960317459797,-0.027446924603174605,0.035075892857142854,290,10000,a53a6aadce6ba4e0b54397975b02dd6e9affed77b50a379e1747c2d0fcb81890
conditioned_riemannian_metric_v1,conditioned_riemannian_metric_v1--45386d3d5316,euclidean_goal_steering_v1,euclidean_goal_steering_v1--bdb72f7142a1,pre_correction_overlap_exposure,pair-s per agent-s,overall,Conditioned Riemannian minus comparator,0.6235434840029761,0.6332619353505289,-0.009718451347552781,-0.0318284011243386,0.012044535590277627,290,10000,a53a6aadce6ba4e0b54397975b02dd6e9affed77b50a379e1747c2d0fcb81890
conditioned_riemannian_metric_v1,conditioned_riemannian_metric_v1--45386d3d5316,euclidean_goal_steering_v1,euclidean_goal_steering_v1--bdb72f7142a1,maximum_pre_correction_penetration,m,overall,Conditioned Riemannian minus comparator,0.05728378639842796,0.07431954600889815,-0.017035759610470186,-0.019686822728965922,-0.014048093816763488,290,10000,a53a6aadce6ba4e0b54397975b02dd6e9affed77b50a379e1747c2d0fcb81890
conditioned_riemannian_metric_v1,conditioned_riemannian_metric_v1--45386d3d5316,euclidean_goal_steering_v1,euclidean_goal_steering_v1--bdb72f7142a1,normalized_travel_time,ratio conditional on success,overall,Conditioned Riemannian minus comparator,1.496785546940881,1.4451392444438633,0.05164630249701774,0.023949347452111525,0.08801147128320452,254,10000,a53a6aadce6ba4e0b54397975b02dd6e9affed77b50a379e1747c2d0fcb81890
conditioned_riemannian_metric_v1,conditioned_riemannian_metric_v1--45386d3d5316,euclidean_goal_steering_v1,euclidean_goal_steering_v1--bdb72f7142a1,path_ratio,path length / straight-line distance,overall,Conditioned Riemannian minus comparator,0.967598165269069,0.9608856725971852,0.006712492671883896,0.004831909705969917,0.008494866374505028,254,10000,a53a6aadce6ba4e0b54397975b02dd6e9affed77b50a379e1747c2d0fcb81890
conditioned_riemannian_metric_v1,conditioned_riemannian_metric_v1--45386d3d5316,euclidean_goal_steering_v1,euclidean_goal_steering_v1--bdb72f7142a1,rms_acceleration,m/s^2,overall,Conditioned Riemannian minus comparator,2.7922436990767885,4.30329595731733,-1.5110522582405412,-1.595768270617472,-1.4552788778241768,290,10000,a53a6aadce6ba4e0b54397975b02dd6e9affed77b50a379e1747c2d0fcb81890
conditioned_riemannian_metric_v1,conditioned_riemannian_metric_v1--45386d3d5316,euclidean_goal_steering_v1,euclidean_goal_steering_v1--bdb72f7142a1,rms_jerk,m/s^3,overall,Conditioned Riemannian minus comparator,194.61307769915254,322.30946490095823,-127.69638720180569,-134.50975666211335,-121.86533708919649,290,10000,a53a6aadce6ba4e0b54397975b02dd6e9affed77b50a379e1747c2d0fcb81890
conditioned_riemannian_metric_v1,conditioned_riemannian_metric_v1--45386d3d5316,euclidean_goal_steering_v1,euclidean_goal_steering_v1--bdb72f7142a1,correction_ratio,ratio,overall,Conditioned Riemannian minus comparator,0.8298402274298522,0.8443664390937509,-0.01452621166389867,-0.053139112511880415,0.07613234794879853,290,10000,a53a6aadce6ba4e0b54397975b02dd6e9affed77b50a379e1747c2d0fcb81890
conditioned_riemannian_metric_v1,conditioned_riemannian_metric_v1--45386d3d5316,euclidean_goal_steering_v1,euclidean_goal_steering_v1--bdb72f7142a1,throughput,agents/s,bottleneck,Conditioned Riemannian minus comparator,0.18416666666666665,0.19333333333333333,-0.009166666666666684,-0.03750000000000003,0.019166666666666582,30,10000,a53a6aadce6ba4e0b54397975b02dd6e9affed77b50a379e1747c2d0fcb81890
conditioned_riemannian_metric_v1,conditioned_riemannian_metric_v1--45386d3d5316,euclidean_goal_steering_v1,euclidean_goal_steering_v1--bdb72f7142a1,avoidance_onset_rate,fraction,pairwise,Conditioned Riemannian minus comparator,0.525,0,0.525,0.51,0.54,200,10000,a53a6aadce6ba4e0b54397975b02dd6e9affed77b50a379e1747c2d0fcb81890
conditioned_riemannian_metric_v1,conditioned_riemannian_metric_v1--45386d3d5316,euclidean_goal_steering_v1,euclidean_goal_steering_v1--bdb72f7142a1,ttc_at_onset,s,pairwise,Conditioned Riemannian minus comparator,,,,,,109,0,a53a6aadce6ba4e0b54397975b02dd6e9affed77b50a379e1747c2d0fcb81890
conditioned_riemannian_metric_v1,conditioned_riemannian_metric_v1--45386d3d5316,euclidean_goal_steering_v1,euclidean_goal_steering_v1--bdb72f7142a1,minimum_pre_correction_physical_clearance,m,pairwise,Conditioned Riemannian minus comparator,0.22329395165846336,0.21204232296697856,0.0112516286914848,0.00982283285958252,0.012012464925420463,200,10000,a53a6aadce6ba4e0b54397975b02dd6e9affed77b50a379e1747c2d0fcb81890
conditioned_riemannian_metric_v1,conditioned_riemannian_metric_v1--45386d3d5316,euclidean_goal_steering_v1,euclidean_goal_steering_v1--bdb72f7142a1,minimum_post_correction_physical_clearance,m,pairwise,Conditioned Riemannian minus comparator,0.2321337296286077,0.23213372962860773,-2.7755575615628914e-17,-5.551115123125783e-17,2.7755575615628914e-17,200,10000,a53a6aadce6ba4e0b54397975b02dd6e9affed77b50a379e1747c2d0fcb81890
conditioned_riemannian_metric_v1,conditioned_riemannian_metric_v1--45386d3d5316,orca_rvo2_v1,orca_rvo2_v1--1ab544afd1fc,success_fraction,fraction,overall,Conditioned Riemannian minus comparator,0.2773814484126984,0.4360064484126984,-0.15862500000000002,-0.18079166666666668,-0.13708680555555558,290,10000,a53a6aadce6ba4e0b54397975b02dd6e9affed77b50a379e1747c2d0fcb81890
conditioned_riemannian_metric_v1,conditioned_riemannian_metric_v1--45386d3d5316,orca_rvo2_v1,orca_rvo2_v1--1ab544afd1fc,pre_correction_overlap_exposure,pair-s per agent-s,overall,Conditioned Riemannian minus comparator,0.6235434840029761,0.15635860243055566,0.46718488157242044,0.4525093535052903,0.481928157448743,290,10000,a53a6aadce6ba4e0b54397975b02dd6e9affed77b50a379e1747c2d0fcb81890
conditioned_riemannian_metric_v1,conditioned_riemannian_metric_v1--45386d3d5316,orca_rvo2_v1,orca_rvo2_v1--1ab544afd1fc,maximum_pre_correction_penetration,m,overall,Conditioned Riemannian minus comparator,0.05728378639842796,0.012502733305483932,0.04478105309294403,0.04273006845297679,0.04746712549047206,290,10000,a53a6aadce6ba4e0b54397975b02dd6e9affed77b50a379e1747c2d0fcb81890
conditioned_riemannian_metric_v1,conditioned_riemannian_metric_v1--45386d3d5316,orca_rvo2_v1,orca_rvo2_v1--1ab544afd1fc,normalized_travel_time,ratio conditional on success,overall,Conditioned Riemannian minus comparator,1.496785546940881,1.3611222077372542,0.13566333920362683,0.1072807970552836,0.17979690994879882,254,10000,a53a6aadce6ba4e0b54397975b02dd6e9affed77b50a379e1747c2d0fcb81890
conditioned_riemannian_metric_v1,conditioned_riemannian_metric_v1--45386d3d5316,orca_rvo2_v1,orca_rvo2_v1--1ab544afd1fc,path_ratio,path length / straight-line distance,overall,Conditioned Riemannian minus comparator,0.967598165269069,0.9468708785655537,0.020727286703515313,0.012450376151102338,0.027560241461289436,254,10000,a53a6aadce6ba4e0b54397975b02dd6e9affed77b50a379e1747c2d0fcb81890
conditioned_riemannian_metric_v1,conditioned_riemannian_metric_v1--45386d3d5316,orca_rvo2_v1,orca_rvo2_v1--1ab544afd1fc,rms_acceleration,m/s^2,overall,Conditioned Riemannian minus comparator,2.7922436990767885,1.6598702820828577,1.1323734169939308,1.0459951721821235,1.1739205537918715,290,10000,a53a6aadce6ba4e0b54397975b02dd6e9affed77b50a379e1747c2d0fcb81890
conditioned_riemannian_metric_v1,conditioned_riemannian_metric_v1--45386d3d5316,orca_rvo2_v1,orca_rvo2_v1--1ab544afd1fc,rms_jerk,m/s^3,overall,Conditioned Riemannian minus comparator,194.61307769915254,98.67220592946437,95.94087176968817,89.80524406171381,100.04145426279156,290,10000,a53a6aadce6ba4e0b54397975b02dd6e9affed77b50a379e1747c2d0fcb81890
conditioned_riemannian_metric_v1,conditioned_riemannian_metric_v1--45386d3d5316,orca_rvo2_v1,orca_rvo2_v1--1ab544afd1fc,correction_ratio,ratio,overall,Conditioned Riemannian minus comparator,0.8298402274298522,0,0.8298402274298522,0.8169947340795987,0.922815305971927,290,10000,a53a6aadce6ba4e0b54397975b02dd6e9affed77b50a379e1747c2d0fcb81890
conditioned_riemannian_metric_v1,conditioned_riemannian_metric_v1--45386d3d5316,orca_rvo2_v1,orca_rvo2_v1--1ab544afd1fc,throughput,agents/s,bottleneck,Conditioned Riemannian minus comparator,0.18416666666666665,0.055833333333333325,0.12833333333333333,0.1066666666666666,0.14916666666666661,30,10000,a53a6aadce6ba4e0b54397975b02dd6e9affed77b50a379e1747c2d0fcb81890
conditioned_riemannian_metric_v1,conditioned_riemannian_metric_v1--45386d3d5316,orca_rvo2_v1,orca_rvo2_v1--1ab544afd1fc,avoidance_onset_rate,fraction,pairwise,Conditioned Riemannian minus comparator,0.525,0.515,0.010000000000000009,-0.015000000000000013,0.03500000000000003,200,10000,a53a6aadce6ba4e0b54397975b02dd6e9affed77b50a379e1747c2d0fcb81890
conditioned_riemannian_metric_v1,conditioned_riemannian_metric_v1--45386d3d5316,orca_rvo2_v1,orca_rvo2_v1--1ab544afd1fc,ttc_at_onset,s,pairwise,Conditioned Riemannian minus comparator,,,,,,109,0,a53a6aadce6ba4e0b54397975b02dd6e9affed77b50a379e1747c2d0fcb81890
conditioned_riemannian_metric_v1,conditioned_riemannian_metric_v1--45386d3d5316,orca_rvo2_v1,orca_rvo2_v1--1ab544afd1fc,minimum_pre_correction_physical_clearance,m,pairwise,Conditioned Riemannian minus comparator,0.22329395165846336,0.23141422829469804,-0.008120276636234686,-0.00834770982765809,-0.007703982156504641,200,10000,a53a6aadce6ba4e0b54397975b02dd6e9affed77b50a379e1747c2d0fcb81890
conditioned_riemannian_metric_v1,conditioned_riemannian_metric_v1--45386d3d5316,orca_rvo2_v1,orca_rvo2_v1--1ab544afd1fc,minimum_post_correction_physical_clearance,m,pairwise,Conditioned Riemannian minus comparator,0.2321337296286077,0.23141422829469804,0.0007195013339096612,0.0007030645397810842,0.0008702352012149306,200,10000,a53a6aadce6ba4e0b54397975b02dd6e9affed77b50a379e1747c2d0fcb81890
conditioned_riemannian_metric_v1,conditioned_riemannian_metric_v1--45386d3d5316,social_force_pysocialforce_v1,social_force_pysocialforce_v1--a27575969af7,success_fraction,fraction,overall,Conditioned Riemannian minus comparator,0.2773814484126984,0.6208978174603175,-0.34351636904761906,-0.36601884920634914,-0.3225243055555556,290,10000,a53a6aadce6ba4e0b54397975b02dd6e9affed77b50a379e1747c2d0fcb81890
conditioned_riemannian_metric_v1,conditioned_riemannian_metric_v1--45386d3d5316,social_force_pysocialforce_v1,social_force_pysocialforce_v1--a27575969af7,pre_correction_overlap_exposure,pair-s per agent-s,overall,Conditioned Riemannian minus comparator,0.6235434840029761,1.6041647278025792,-0.9806212437996031,-0.9946300369957012,-0.9656986848958333,290,10000,a53a6aadce6ba4e0b54397975b02dd6e9affed77b50a379e1747c2d0fcb81890
conditioned_riemannian_metric_v1,conditioned_riemannian_metric_v1--45386d3d5316,social_force_pysocialforce_v1,social_force_pysocialforce_v1--a27575969af7,maximum_pre_correction_penetration,m,overall,Conditioned Riemannian minus comparator,0.05728378639842796,0.4902556677501456,-0.43297188135171766,-0.4368558972866271,-0.42914833958060167,290,10000,a53a6aadce6ba4e0b54397975b02dd6e9affed77b50a379e1747c2d0fcb81890
conditioned_riemannian_metric_v1,conditioned_riemannian_metric_v1--45386d3d5316,social_force_pysocialforce_v1,social_force_pysocialforce_v1--a27575969af7,normalized_travel_time,ratio conditional on success,overall,Conditioned Riemannian minus comparator,1.496785546940881,1.0028852746099644,0.4939002723309167,0.4697418921568355,0.5160737594180262,254,10000,a53a6aadce6ba4e0b54397975b02dd6e9affed77b50a379e1747c2d0fcb81890
conditioned_riemannian_metric_v1,conditioned_riemannian_metric_v1--45386d3d5316,social_force_pysocialforce_v1,social_force_pysocialforce_v1--a27575969af7,path_ratio,path length / straight-line distance,overall,Conditioned Riemannian minus comparator,0.967598165269069,0.9787273833372871,-0.011129218068218094,-0.012863329226307174,-0.00907939441030603,254,10000,a53a6aadce6ba4e0b54397975b02dd6e9affed77b50a379e1747c2d0fcb81890
conditioned_riemannian_metric_v1,conditioned_riemannian_metric_v1--45386d3d5316,social_force_pysocialforce_v1,social_force_pysocialforce_v1--a27575969af7,rms_acceleration,m/s^2,overall,Conditioned Riemannian minus comparator,2.7922436990767885,1.8263159541599776,0.9659277449168109,0.8700702079098479,1.0446518992607423,290,10000,a53a6aadce6ba4e0b54397975b02dd6e9affed77b50a379e1747c2d0fcb81890
conditioned_riemannian_metric_v1,conditioned_riemannian_metric_v1--45386d3d5316,social_force_pysocialforce_v1,social_force_pysocialforce_v1--a27575969af7,rms_jerk,m/s^3,overall,Conditioned Riemannian minus comparator,194.61307769915254,105.96863501418514,88.6444426849674,82.22983732922809,94.88219150300883,290,10000,a53a6aadce6ba4e0b54397975b02dd6e9affed77b50a379e1747c2d0fcb81890
conditioned_riemannian_metric_v1,conditioned_riemannian_metric_v1--45386d3d5316,social_force_pysocialforce_v1,social_force_pysocialforce_v1--a27575969af7,correction_ratio,ratio,overall,Conditioned Riemannian minus comparator,0.8298402274298522,0,0.8298402274298522,0.817784547420902,0.922749160521787,290,10000,a53a6aadce6ba4e0b54397975b02dd6e9affed77b50a379e1747c2d0fcb81890
conditioned_riemannian_metric_v1,conditioned_riemannian_metric_v1--45386d3d5316,social_force_pysocialforce_v1,social_force_pysocialforce_v1--a27575969af7,throughput,agents/s,bottleneck,Conditioned Riemannian minus comparator,0.18416666666666665,0.39499999999999996,-0.21083333333333332,-0.23500000000000015,-0.18666666666666684,30,10000,a53a6aadce6ba4e0b54397975b02dd6e9affed77b50a379e1747c2d0fcb81890
conditioned_riemannian_metric_v1,conditioned_riemannian_metric_v1--45386d3d5316,social_force_pysocialforce_v1,social_force_pysocialforce_v1--a27575969af7,avoidance_onset_rate,fraction,pairwise,Conditioned Riemannian minus comparator,0.525,0.3825,0.14250000000000002,0.11749999999999994,0.16999999999999998,200,10000,a53a6aadce6ba4e0b54397975b02dd6e9affed77b50a379e1747c2d0fcb81890
conditioned_riemannian_metric_v1,conditioned_riemannian_metric_v1--45386d3d5316,social_force_pysocialforce_v1,social_force_pysocialforce_v1--a27575969af7,ttc_at_onset,s,pairwise,Conditioned Riemannian minus comparator,,,,,,109,0,a53a6aadce6ba4e0b54397975b02dd6e9affed77b50a379e1747c2d0fcb81890
conditioned_riemannian_metric_v1,conditioned_riemannian_metric_v1--45386d3d5316,social_force_pysocialforce_v1,social_force_pysocialforce_v1--a27575969af7,minimum_pre_correction_physical_clearance,m,pairwise,Conditioned Riemannian minus comparator,0.22329395165846336,0.0323201623588176,0.19097378929964576,0.1807581443408055,0.2016986326473921,200,10000,a53a6aadce6ba4e0b54397975b02dd6e9affed77b50a379e1747c2d0fcb81890
conditioned_riemannian_metric_v1,conditioned_riemannian_metric_v1--45386d3d5316,social_force_pysocialforce_v1,social_force_pysocialforce_v1--a27575969af7,minimum_post_correction_physical_clearance,m,pairwise,Conditioned Riemannian minus comparator,0.2321337296286077,0.0323201623588176,0.1998135672697901,0.1895051159316961,0.2104456636119839,200,10000,a53a6aadce6ba4e0b54397975b02dd6e9affed77b50a379e1747c2d0fcb81890
