family,methodId,methodKey,engineId,upstreamCommit,metric,unit,estimator,estimate,contributingScenarios,freezeManifestSha256
pairwise,conditioned_riemannian_metric_v1,conditioned_riemannian_metric_v1--45386d3d5316,scientific_core_engine_v1,,success_fraction,fraction,mean,0.6275,200,a53a6aadce6ba4e0b54397975b02dd6e9affed77b50a379e1747c2d0fcb81890
pairwise,conditioned_riemannian_metric_v1,conditioned_riemannian_metric_v1--45386d3d5316,scientific_core_engine_v1,,pre_correction_overlap_exposure,pair-s per agent-s,mean,0.06364166666666657,200,a53a6aadce6ba4e0b54397975b02dd6e9affed77b50a379e1747c2d0fcb81890
pairwise,conditioned_riemannian_metric_v1,conditioned_riemannian_metric_v1--45386d3d5316,scientific_core_engine_v1,,maximum_pre_correction_penetration,m,median,0.008089777970144707,200,a53a6aadce6ba4e0b54397975b02dd6e9affed77b50a379e1747c2d0fcb81890
pairwise,conditioned_riemannian_metric_v1,conditioned_riemannian_metric_v1--45386d3d5316,scientific_core_engine_v1,,normalized_travel_time,ratio conditional on success,median,1.0199170359967542,171,a53a6aadce6ba4e0b54397975b02dd6e9affed77b50a379e1747c2d0fcb81890
pairwise,conditioned_riemannian_metric_v1,conditioned_riemannian_metric_v1--45386d3d5316,scientific_core_engine_v1,,path_ratio,path length / straight-line distance,median,1.0076779733817878,171,a53a6aadce6ba4e0b54397975b02dd6e9affed77b50a379e1747c2d0fcb81890
pairwise,conditioned_riemannian_metric_v1,conditioned_riemannian_metric_v1--45386d3d5316,scientific_core_engine_v1,,rms_acceleration,m/s^2,median,2.382224924790819,200,a53a6aadce6ba4e0b54397975b02dd6e9affed77b50a379e1747c2d0fcb81890
pairwise,conditioned_riemannian_metric_v1,conditioned_riemannian_metric_v1--45386d3d5316,scientific_core_engine_v1,,rms_jerk,m/s^3,median,145.872701874839,200,a53a6aadce6ba4e0b54397975b02dd6e9affed77b50a379e1747c2d0fcb81890
pairwise,conditioned_riemannian_metric_v1,conditioned_riemannian_metric_v1--45386d3d5316,scientific_core_engine_v1,,correction_ratio,ratio,median,0.025727769639742666,200,a53a6aadce6ba4e0b54397975b02dd6e9affed77b50a379e1747c2d0fcb81890
pairwise,conditioned_riemannian_metric_v1,conditioned_riemannian_metric_v1--45386d3d5316,scientific_core_engine_v1,,avoidance_onset_rate,fraction,mean,0.525,200,a53a6aadce6ba4e0b54397975b02dd6e9affed77b50a379e1747c2d0fcb81890
pairwise,conditioned_riemannian_metric_v1,conditioned_riemannian_metric_v1--45386d3d5316,scientific_core_engine_v1,,ttc_at_onset,s,median,,109,a53a6aadce6ba4e0b54397975b02dd6e9affed77b50a379e1747c2d0fcb81890
pairwise,conditioned_riemannian_metric_v1,conditioned_riemannian_metric_v1--45386d3d5316,scientific_core_engine_v1,,minimum_pre_correction_physical_clearance,m,median,0.22329395165846336,200,a53a6aadce6ba4e0b54397975b02dd6e9affed77b50a379e1747c2d0fcb81890
pairwise,conditioned_riemannian_metric_v1,conditioned_riemannian_metric_v1--45386d3d5316,scientific_core_engine_v1,,minimum_post_correction_physical_clearance,m,median,0.2321337296286077,200,a53a6aadce6ba4e0b54397975b02dd6e9affed77b50a379e1747c2d0fcb81890
circle_antipodal,conditioned_riemannian_metric_v1,conditioned_riemannian_metric_v1--45386d3d5316,scientific_core_engine_v1,,success_fraction,fraction,mean,0.4190000000000001,30,a53a6aadce6ba4e0b54397975b02dd6e9affed77b50a379e1747c2d0fcb81890
circle_antipodal,conditioned_riemannian_metric_v1,conditioned_riemannian_metric_v1--45386d3d5316,scientific_core_engine_v1,,pre_correction_overlap_exposure,pair-s per agent-s,mean,0.6060744444444438,30,a53a6aadce6ba4e0b54397975b02dd6e9affed77b50a379e1747c2d0fcb81890
circle_antipodal,conditioned_riemannian_metric_v1,conditioned_riemannian_metric_v1--45386d3d5316,scientific_core_engine_v1,,maximum_pre_correction_penetration,m,median,0.049739879423621125,30,a53a6aadce6ba4e0b54397975b02dd6e9affed77b50a379e1747c2d0fcb81890
circle_antipodal,conditioned_riemannian_metric_v1,conditioned_riemannian_metric_v1--45386d3d5316,scientific_core_engine_v1,,normalized_travel_time,ratio conditional on success,median,1.6678034556299555,24,a53a6aadce6ba4e0b54397975b02dd6e9affed77b50a379e1747c2d0fcb81890
circle_antipodal,conditioned_riemannian_metric_v1,conditioned_riemannian_metric_v1--45386d3d5316,scientific_core_engine_v1,,path_ratio,path length / straight-line distance,median,0.9316354193866239,24,a53a6aadce6ba4e0b54397975b02dd6e9affed77b50a379e1747c2d0fcb81890
circle_antipodal,conditioned_riemannian_metric_v1,conditioned_riemannian_metric_v1--45386d3d5316,scientific_core_engine_v1,,rms_acceleration,m/s^2,median,2.154951722111431,30,a53a6aadce6ba4e0b54397975b02dd6e9affed77b50a379e1747c2d0fcb81890
circle_antipodal,conditioned_riemannian_metric_v1,conditioned_riemannian_metric_v1--45386d3d5316,scientific_core_engine_v1,,rms_jerk,m/s^3,median,149.30235793960836,30,a53a6aadce6ba4e0b54397975b02dd6e9affed77b50a379e1747c2d0fcb81890
circle_antipodal,conditioned_riemannian_metric_v1,conditioned_riemannian_metric_v1--45386d3d5316,scientific_core_engine_v1,,correction_ratio,ratio,median,0.41147214269300586,30,a53a6aadce6ba4e0b54397975b02dd6e9affed77b50a379e1747c2d0fcb81890
bidirectional,conditioned_riemannian_metric_v1,conditioned_riemannian_metric_v1--45386d3d5316,scientific_core_engine_v1,,success_fraction,fraction,mean,0.03013888888888888,30,a53a6aadce6ba4e0b54397975b02dd6e9affed77b50a379e1747c2d0fcb81890
bidirectional,conditioned_riemannian_metric_v1,conditioned_riemannian_metric_v1--45386d3d5316,scientific_core_engine_v1,,pre_correction_overlap_exposure,pair-s per agent-s,mean,0.8310107142857143,30,a53a6aadce6ba4e0b54397975b02dd6e9affed77b50a379e1747c2d0fcb81890
bidirectional,conditioned_riemannian_metric_v1,conditioned_riemannian_metric_v1--45386d3d5316,scientific_core_engine_v1,,maximum_pre_correction_penetration,m,median,0.08524135716337394,30,a53a6aadce6ba4e0b54397975b02dd6e9affed77b50a379e1747c2d0fcb81890
bidirectional,conditioned_riemannian_metric_v1,conditioned_riemannian_metric_v1--45386d3d5316,scientific_core_engine_v1,,normalized_travel_time,ratio conditional on success,median,1.6911813853091402,30,a53a6aadce6ba4e0b54397975b02dd6e9affed77b50a379e1747c2d0fcb81890
bidirectional,conditioned_riemannian_metric_v1,conditioned_riemannian_metric_v1--45386d3d5316,scientific_core_engine_v1,,path_ratio,path length / straight-line distance,median,0.9497678471594764,30,a53a6aadce6ba4e0b54397975b02dd6e9affed77b50a379e1747c2d0fcb81890
bidirectional,conditioned_riemannian_metric_v1,conditioned_riemannian_metric_v1--45386d3d5316,scientific_core_engine_v1,,rms_acceleration,m/s^2,median,2.3777326800495153,30,a53a6aadce6ba4e0b54397975b02dd6e9affed77b50a379e1747c2d0fcb81890
bidirectional,conditioned_riemannian_metric_v1,conditioned_riemannian_metric_v1--45386d3d5316,scientific_core_engine_v1,,rms_jerk,m/s^3,median,165.42312246394403,30,a53a6aadce6ba4e0b54397975b02dd6e9affed77b50a379e1747c2d0fcb81890
bidirectional,conditioned_riemannian_metric_v1,conditioned_riemannian_metric_v1--45386d3d5316,scientific_core_engine_v1,,correction_ratio,ratio,median,0.9987358584964185,30,a53a6aadce6ba4e0b54397975b02dd6e9affed77b50a379e1747c2d0fcb81890
bottleneck,conditioned_riemannian_metric_v1,conditioned_riemannian_metric_v1--45386d3d5316,scientific_core_engine_v1,,success_fraction,fraction,mean,0.03288690476190476,30,a53a6aadce6ba4e0b54397975b02dd6e9affed77b50a379e1747c2d0fcb81890
bottleneck,conditioned_riemannian_metric_v1,conditioned_riemannian_metric_v1--45386d3d5316,scientific_core_engine_v1,,pre_correction_overlap_exposure,pair-s per agent-s,mean,0.9934471106150795,30,a53a6aadce6ba4e0b54397975b02dd6e9affed77b50a379e1747c2d0fcb81890
bottleneck,conditioned_riemannian_metric_v1,conditioned_riemannian_metric_v1--45386d3d5316,scientific_core_engine_v1,,maximum_pre_correction_penetration,m,median,0.08606413103657207,30,a53a6aadce6ba4e0b54397975b02dd6e9affed77b50a379e1747c2d0fcb81890
bottleneck,conditioned_riemannian_metric_v1,conditioned_riemannian_metric_v1--45386d3d5316,scientific_core_engine_v1,,normalized_travel_time,ratio conditional on success,median,1.6082403108276744,29,a53a6aadce6ba4e0b54397975b02dd6e9affed77b50a379e1747c2d0fcb81890
bottleneck,conditioned_riemannian_metric_v1,conditioned_riemannian_metric_v1--45386d3d5316,scientific_core_engine_v1,,path_ratio,path length / straight-line distance,median,0.9813114211483878,29,a53a6aadce6ba4e0b54397975b02dd6e9affed77b50a379e1747c2d0fcb81890
bottleneck,conditioned_riemannian_metric_v1,conditioned_riemannian_metric_v1--45386d3d5316,scientific_core_engine_v1,,rms_acceleration,m/s^2,median,4.254065469355389,30,a53a6aadce6ba4e0b54397975b02dd6e9affed77b50a379e1747c2d0fcb81890
bottleneck,conditioned_riemannian_metric_v1,conditioned_riemannian_metric_v1--45386d3d5316,scientific_core_engine_v1,,rms_jerk,m/s^3,median,317.85412851821883,30,a53a6aadce6ba4e0b54397975b02dd6e9affed77b50a379e1747c2d0fcb81890
bottleneck,conditioned_riemannian_metric_v1,conditioned_riemannian_metric_v1--45386d3d5316,scientific_core_engine_v1,,correction_ratio,ratio,median,1.8834251388902419,30,a53a6aadce6ba4e0b54397975b02dd6e9affed77b50a379e1747c2d0fcb81890
bottleneck,conditioned_riemannian_metric_v1,conditioned_riemannian_metric_v1--45386d3d5316,scientific_core_engine_v1,,throughput,agents/s,mean,0.18416666666666665,30,a53a6aadce6ba4e0b54397975b02dd6e9affed77b50a379e1747c2d0fcb81890
pairwise,euclidean_goal_steering_v1,euclidean_goal_steering_v1--bdb72f7142a1,scientific_core_engine_v1,,success_fraction,fraction,mean,0.6325000000000001,200,a53a6aadce6ba4e0b54397975b02dd6e9affed77b50a379e1747c2d0fcb81890
pairwise,euclidean_goal_steering_v1,euclidean_goal_steering_v1--bdb72f7142a1,scientific_core_engine_v1,,pre_correction_overlap_exposure,pair-s per agent-s,mean,0.06854444444444444,200,a53a6aadce6ba4e0b54397975b02dd6e9affed77b50a379e1747c2d0fcb81890
pairwise,euclidean_goal_steering_v1,euclidean_goal_steering_v1--bdb72f7142a1,scientific_core_engine_v1,,maximum_pre_correction_penetration,m,median,0.019341406661629507,200,a53a6aadce6ba4e0b54397975b02dd6e9affed77b50a379e1747c2d0fcb81890
pairwise,euclidean_goal_steering_v1,euclidean_goal_steering_v1--bdb72f7142a1,scientific_core_engine_v1,,normalized_travel_time,ratio conditional on success,median,0.9991387086611159,176,a53a6aadce6ba4e0b54397975b02dd6e9affed77b50a379e1747c2d0fcb81890
pairwise,euclidean_goal_steering_v1,euclidean_goal_steering_v1--bdb72f7142a1,scientific_core_engine_v1,,path_ratio,path length / straight-line distance,median,1.007090184248074,176,a53a6aadce6ba4e0b54397975b02dd6e9affed77b50a379e1747c2d0fcb81890
pairwise,euclidean_goal_steering_v1,euclidean_goal_steering_v1--bdb72f7142a1,scientific_core_engine_v1,,rms_acceleration,m/s^2,median,2.7457431014089675,200,a53a6aadce6ba4e0b54397975b02dd6e9affed77b50a379e1747c2d0fcb81890
pairwise,euclidean_goal_steering_v1,euclidean_goal_steering_v1--bdb72f7142a1,scientific_core_engine_v1,,rms_jerk,m/s^3,median,179.5209876216812,200,a53a6aadce6ba4e0b54397975b02dd6e9affed77b50a379e1747c2d0fcb81890
pairwise,euclidean_goal_steering_v1,euclidean_goal_steering_v1--bdb72f7142a1,scientific_core_engine_v1,,correction_ratio,ratio,median,0.02836427221171941,200,a53a6aadce6ba4e0b54397975b02dd6e9affed77b50a379e1747c2d0fcb81890
pairwise,euclidean_goal_steering_v1,euclidean_goal_steering_v1--bdb72f7142a1,scientific_core_engine_v1,,avoidance_onset_rate,fraction,mean,0,200,a53a6aadce6ba4e0b54397975b02dd6e9affed77b50a379e1747c2d0fcb81890
pairwise,euclidean_goal_steering_v1,euclidean_goal_steering_v1--bdb72f7142a1,scientific_core_engine_v1,,ttc_at_onset,s,median,,0,a53a6aadce6ba4e0b54397975b02dd6e9affed77b50a379e1747c2d0fcb81890
pairwise,euclidean_goal_steering_v1,euclidean_goal_steering_v1--bdb72f7142a1,scientific_core_engine_v1,,minimum_pre_correction_physical_clearance,m,median,0.21204232296697856,200,a53a6aadce6ba4e0b54397975b02dd6e9affed77b50a379e1747c2d0fcb81890
pairwise,euclidean_goal_steering_v1,euclidean_goal_steering_v1--bdb72f7142a1,scientific_core_engine_v1,,minimum_post_correction_physical_clearance,m,median,0.23213372962860773,200,a53a6aadce6ba4e0b54397975b02dd6e9affed77b50a379e1747c2d0fcb81890
circle_antipodal,euclidean_goal_steering_v1,euclidean_goal_steering_v1--bdb72f7142a1,scientific_core_engine_v1,,success_fraction,fraction,mean,0.35866666666666663,30,a53a6aadce6ba4e0b54397975b02dd6e9affed77b50a379e1747c2d0fcb81890
circle_antipodal,euclidean_goal_steering_v1,euclidean_goal_steering_v1--bdb72f7142a1,scientific_core_engine_v1,,pre_correction_overlap_exposure,pair-s per agent-s,mean,0.6870466666666666,30,a53a6aadce6ba4e0b54397975b02dd6e9affed77b50a379e1747c2d0fcb81890
circle_antipodal,euclidean_goal_steering_v1,euclidean_goal_steering_v1--bdb72f7142a1,scientific_core_engine_v1,,maximum_pre_correction_penetration,m,median,0.07799506316631305,30,a53a6aadce6ba4e0b54397975b02dd6e9affed77b50a379e1747c2d0fcb81890
circle_antipodal,euclidean_goal_steering_v1,euclidean_goal_steering_v1--bdb72f7142a1,scientific_core_engine_v1,,normalized_travel_time,ratio conditional on success,median,1.7157848023267206,22,a53a6aadce6ba4e0b54397975b02dd6e9affed77b50a379e1747c2d0fcb81890
circle_antipodal,euclidean_goal_steering_v1,euclidean_goal_steering_v1--bdb72f7142a1,scientific_core_engine_v1,,path_ratio,path length / straight-line distance,median,0.9250595261092474,22,a53a6aadce6ba4e0b54397975b02dd6e9affed77b50a379e1747c2d0fcb81890
circle_antipodal,euclidean_goal_steering_v1,euclidean_goal_steering_v1--bdb72f7142a1,scientific_core_engine_v1,,rms_acceleration,m/s^2,median,3.3938959921612826,30,a53a6aadce6ba4e0b54397975b02dd6e9affed77b50a379e1747c2d0fcb81890
circle_antipodal,euclidean_goal_steering_v1,euclidean_goal_steering_v1--bdb72f7142a1,scientific_core_engine_v1,,rms_jerk,m/s^3,median,260.93970412984896,30,a53a6aadce6ba4e0b54397975b02dd6e9affed77b50a379e1747c2d0fcb81890
circle_antipodal,euclidean_goal_steering_v1,euclidean_goal_steering_v1--bdb72f7142a1,scientific_core_engine_v1,,correction_ratio,ratio,median,0.5089979252424657,30,a53a6aadce6ba4e0b54397975b02dd6e9affed77b50a379e1747c2d0fcb81890
bidirectional,euclidean_goal_steering_v1,euclidean_goal_steering_v1--bdb72f7142a1,scientific_core_engine_v1,,success_fraction,fraction,mean,0.06958333333333334,30,a53a6aadce6ba4e0b54397975b02dd6e9affed77b50a379e1747c2d0fcb81890
bidirectional,euclidean_goal_steering_v1,euclidean_goal_steering_v1--bdb72f7142a1,scientific_core_engine_v1,,pre_correction_overlap_exposure,pair-s per agent-s,mean,0.7714618386243379,30,a53a6aadce6ba4e0b54397975b02dd6e9affed77b50a379e1747c2d0fcb81890
bidirectional,euclidean_goal_steering_v1,euclidean_goal_steering_v1--bdb72f7142a1,scientific_core_engine_v1,,maximum_pre_correction_penetration,m,median,0.08921503448794221,30,a53a6aadce6ba4e0b54397975b02dd6e9affed77b50a379e1747c2d0fcb81890
bidirectional,euclidean_goal_steering_v1,euclidean_goal_steering_v1--bdb72f7142a1,scientific_core_engine_v1,,normalized_travel_time,ratio conditional on success,median,1.5592610208593163,30,a53a6aadce6ba4e0b54397975b02dd6e9affed77b50a379e1747c2d0fcb81890
bidirectional,euclidean_goal_steering_v1,euclidean_goal_steering_v1--bdb72f7142a1,scientific_core_engine_v1,,path_ratio,path length / straight-line distance,median,0.9399082756566531,30,a53a6aadce6ba4e0b54397975b02dd6e9affed77b50a379e1747c2d0fcb81890
bidirectional,euclidean_goal_steering_v1,euclidean_goal_steering_v1--bdb72f7142a1,scientific_core_engine_v1,,rms_acceleration,m/s^2,median,4.343982284363113,30,a53a6aadce6ba4e0b54397975b02dd6e9affed77b50a379e1747c2d0fcb81890
bidirectional,euclidean_goal_steering_v1,euclidean_goal_steering_v1--bdb72f7142a1,scientific_core_engine_v1,,rms_jerk,m/s^3,median,308.45074032863624,30,a53a6aadce6ba4e0b54397975b02dd6e9affed77b50a379e1747c2d0fcb81890
bidirectional,euclidean_goal_steering_v1,euclidean_goal_steering_v1--bdb72f7142a1,scientific_core_engine_v1,,correction_ratio,ratio,median,0.7031700119737683,30,a53a6aadce6ba4e0b54397975b02dd6e9affed77b50a379e1747c2d0fcb81890
bottleneck,euclidean_goal_steering_v1,euclidean_goal_steering_v1--bdb72f7142a1,scientific_core_engine_v1,,success_fraction,fraction,mean,0.03452380952380953,30,a53a6aadce6ba4e0b54397975b02dd6e9affed77b50a379e1747c2d0fcb81890
bottleneck,euclidean_goal_steering_v1,euclidean_goal_steering_v1--bdb72f7142a1,scientific_core_engine_v1,,pre_correction_overlap_exposure,pair-s per agent-s,mean,1.0059947916666665,30,a53a6aadce6ba4e0b54397975b02dd6e9affed77b50a379e1747c2d0fcb81890
bottleneck,euclidean_goal_steering_v1,euclidean_goal_steering_v1--bdb72f7142a1,scientific_core_engine_v1,,maximum_pre_correction_penetration,m,median,0.11072667971970782,30,a53a6aadce6ba4e0b54397975b02dd6e9affed77b50a379e1747c2d0fcb81890
bottleneck,euclidean_goal_steering_v1,euclidean_goal_steering_v1--bdb72f7142a1,scientific_core_engine_v1,,normalized_travel_time,ratio conditional on success,median,1.5063724459283003,30,a53a6aadce6ba4e0b54397975b02dd6e9affed77b50a379e1747c2d0fcb81890
bottleneck,euclidean_goal_steering_v1,euclidean_goal_steering_v1--bdb72f7142a1,scientific_core_engine_v1,,path_ratio,path length / straight-line distance,median,0.9714847043747663,30,a53a6aadce6ba4e0b54397975b02dd6e9affed77b50a379e1747c2d0fcb81890
bottleneck,euclidean_goal_steering_v1,euclidean_goal_steering_v1--bdb72f7142a1,scientific_core_engine_v1,,rms_acceleration,m/s^2,median,6.729562451335956,30,a53a6aadce6ba4e0b54397975b02dd6e9affed77b50a379e1747c2d0fcb81890
bottleneck,euclidean_goal_steering_v1,euclidean_goal_steering_v1--bdb72f7142a1,scientific_core_engine_v1,,rms_jerk,m/s^3,median,540.3264275236667,30,a53a6aadce6ba4e0b54397975b02dd6e9affed77b50a379e1747c2d0fcb81890
bottleneck,euclidean_goal_steering_v1,euclidean_goal_steering_v1--bdb72f7142a1,scientific_core_engine_v1,,correction_ratio,ratio,median,2.1369335469470503,30,a53a6aadce6ba4e0b54397975b02dd6e9affed77b50a379e1747c2d0fcb81890
bottleneck,euclidean_goal_steering_v1,euclidean_goal_steering_v1--bdb72f7142a1,scientific_core_engine_v1,,throughput,agents/s,mean,0.19333333333333333,30,a53a6aadce6ba4e0b54397975b02dd6e9affed77b50a379e1747c2d0fcb81890
pairwise,orca_rvo2_v1,orca_rvo2_v1--1ab544afd1fc,orca_rvo2_engine_v1,b577921d2bc1281a6b721c2d4778f397d37da97d,success_fraction,fraction,mean,0.875,200,a53a6aadce6ba4e0b54397975b02dd6e9affed77b50a379e1747c2d0fcb81890
pairwise,orca_rvo2_v1,orca_rvo2_v1--1ab544afd1fc,orca_rvo2_engine_v1,b577921d2bc1281a6b721c2d4778f397d37da97d,pre_correction_overlap_exposure,pair-s per agent-s,mean,0.0022138888888888907,200,a53a6aadce6ba4e0b54397975b02dd6e9affed77b50a379e1747c2d0fcb81890
pairwise,orca_rvo2_v1,orca_rvo2_v1--1ab544afd1fc,orca_rvo2_engine_v1,b577921d2bc1281a6b721c2d4778f397d37da97d,maximum_pre_correction_penetration,m,median,1.1616927564350732e-7,200,a53a6aadce6ba4e0b54397975b02dd6e9affed77b50a379e1747c2d0fcb81890
pairwise,orca_rvo2_v1,orca_rvo2_v1--1ab544afd1fc,orca_rvo2_engine_v1,b577921d2bc1281a6b721c2d4778f397d37da97d,normalized_travel_time,ratio conditional on success,median,0.9944441619556902,200,a53a6aadce6ba4e0b54397975b02dd6e9affed77b50a379e1747c2d0fcb81890
pairwise,orca_rvo2_v1,orca_rvo2_v1--1ab544afd1fc,orca_rvo2_engine_v1,b577921d2bc1281a6b721c2d4778f397d37da97d,path_ratio,path length / straight-line distance,median,1.0108308936048604,200,a53a6aadce6ba4e0b54397975b02dd6e9affed77b50a379e1747c2d0fcb81890
pairwise,orca_rvo2_v1,orca_rvo2_v1--1ab544afd1fc,orca_rvo2_engine_v1,b577921d2bc1281a6b721c2d4778f397d37da97d,rms_acceleration,m/s^2,median,2.3213480215965694,200,a53a6aadce6ba4e0b54397975b02dd6e9affed77b50a379e1747c2d0fcb81890
pairwise,orca_rvo2_v1,orca_rvo2_v1--1ab544afd1fc,orca_rvo2_engine_v1,b577921d2bc1281a6b721c2d4778f397d37da97d,rms_jerk,m/s^3,median,139.9101769847087,200,a53a6aadce6ba4e0b54397975b02dd6e9affed77b50a379e1747c2d0fcb81890
pairwise,orca_rvo2_v1,orca_rvo2_v1--1ab544afd1fc,orca_rvo2_engine_v1,b577921d2bc1281a6b721c2d4778f397d37da97d,correction_ratio,ratio,median,0,200,a53a6aadce6ba4e0b54397975b02dd6e9affed77b50a379e1747c2d0fcb81890
pairwise,orca_rvo2_v1,orca_rvo2_v1--1ab544afd1fc,orca_rvo2_engine_v1,b577921d2bc1281a6b721c2d4778f397d37da97d,avoidance_onset_rate,fraction,mean,0.515,200,a53a6aadce6ba4e0b54397975b02dd6e9affed77b50a379e1747c2d0fcb81890
pairwise,orca_rvo2_v1,orca_rvo2_v1--1ab544afd1fc,orca_rvo2_engine_v1,b577921d2bc1281a6b721c2d4778f397d37da97d,ttc_at_onset,s,median,,92,a53a6aadce6ba4e0b54397975b02dd6e9affed77b50a379e1747c2d0fcb81890
pairwise,orca_rvo2_v1,orca_rvo2_v1--1ab544afd1fc,orca_rvo2_engine_v1,b577921d2bc1281a6b721c2d4778f397d37da97d,minimum_pre_correction_physical_clearance,m,median,0.23141422829469804,200,a53a6aadce6ba4e0b54397975b02dd6e9affed77b50a379e1747c2d0fcb81890
pairwise,orca_rvo2_v1,orca_rvo2_v1--1ab544afd1fc,orca_rvo2_engine_v1,b577921d2bc1281a6b721c2d4778f397d37da97d,minimum_post_correction_physical_clearance,m,median,0.23141422829469804,200,a53a6aadce6ba4e0b54397975b02dd6e9affed77b50a379e1747c2d0fcb81890
circle_antipodal,orca_rvo2_v1,orca_rvo2_v1--1ab544afd1fc,orca_rvo2_engine_v1,b577921d2bc1281a6b721c2d4778f397d37da97d,success_fraction,fraction,mean,0.8126666666666668,30,a53a6aadce6ba4e0b54397975b02dd6e9affed77b50a379e1747c2d0fcb81890
circle_antipodal,orca_rvo2_v1,orca_rvo2_v1--1ab544afd1fc,orca_rvo2_engine_v1,b577921d2bc1281a6b721c2d4778f397d37da97d,pre_correction_overlap_exposure,pair-s per agent-s,mean,0.07790981481481535,30,a53a6aadce6ba4e0b54397975b02dd6e9affed77b50a379e1747c2d0fcb81890
circle_antipodal,orca_rvo2_v1,orca_rvo2_v1--1ab544afd1fc,orca_rvo2_engine_v1,b577921d2bc1281a6b721c2d4778f397d37da97d,maximum_pre_correction_penetration,m,median,0.011258213553854701,30,a53a6aadce6ba4e0b54397975b02dd6e9affed77b50a379e1747c2d0fcb81890
circle_antipodal,orca_rvo2_v1,orca_rvo2_v1--1ab544afd1fc,orca_rvo2_engine_v1,b577921d2bc1281a6b721c2d4778f397d37da97d,normalized_travel_time,ratio conditional on success,median,1.4692446739805654,30,a53a6aadce6ba4e0b54397975b02dd6e9affed77b50a379e1747c2d0fcb81890
circle_antipodal,orca_rvo2_v1,orca_rvo2_v1--1ab544afd1fc,orca_rvo2_engine_v1,b577921d2bc1281a6b721c2d4778f397d37da97d,path_ratio,path length / straight-line distance,median,0.9051975419512417,30,a53a6aadce6ba4e0b54397975b02dd6e9affed77b50a379e1747c2d0fcb81890
circle_antipodal,orca_rvo2_v1,orca_rvo2_v1--1ab544afd1fc,orca_rvo2_engine_v1,b577921d2bc1281a6b721c2d4778f397d37da97d,rms_acceleration,m/s^2,median,1.9246292006516326,30,a53a6aadce6ba4e0b54397975b02dd6e9affed77b50a379e1747c2d0fcb81890
circle_antipodal,orca_rvo2_v1,orca_rvo2_v1--1ab544afd1fc,orca_rvo2_engine_v1,b577921d2bc1281a6b721c2d4778f397d37da97d,rms_jerk,m/s^3,median,115.77297752636699,30,a53a6aadce6ba4e0b54397975b02dd6e9affed77b50a379e1747c2d0fcb81890
circle_antipodal,orca_rvo2_v1,orca_rvo2_v1--1ab544afd1fc,orca_rvo2_engine_v1,b577921d2bc1281a6b721c2d4778f397d37da97d,correction_ratio,ratio,median,0,30,a53a6aadce6ba4e0b54397975b02dd6e9affed77b50a379e1747c2d0fcb81890
bidirectional,orca_rvo2_v1,orca_rvo2_v1--1ab544afd1fc,orca_rvo2_engine_v1,b577921d2bc1281a6b721c2d4778f397d37da97d,success_fraction,fraction,mean,0.046388888888888896,30,a53a6aadce6ba4e0b54397975b02dd6e9affed77b50a379e1747c2d0fcb81890
bidirectional,orca_rvo2_v1,orca_rvo2_v1--1ab544afd1fc,orca_rvo2_engine_v1,b577921d2bc1281a6b721c2d4778f397d37da97d,pre_correction_overlap_exposure,pair-s per agent-s,mean,0.2766419312169313,30,a53a6aadce6ba4e0b54397975b02dd6e9affed77b50a379e1747c2d0fcb81890
bidirectional,orca_rvo2_v1,orca_rvo2_v1--1ab544afd1fc,orca_rvo2_engine_v1,b577921d2bc1281a6b721c2d4778f397d37da97d,maximum_pre_correction_penetration,m,median,0.018792712764399866,30,a53a6aadce6ba4e0b54397975b02dd6e9affed77b50a379e1747c2d0fcb81890
bidirectional,orca_rvo2_v1,orca_rvo2_v1--1ab544afd1fc,orca_rvo2_engine_v1,b577921d2bc1281a6b721c2d4778f397d37da97d,normalized_travel_time,ratio conditional on success,median,1.5663067639991088,30,a53a6aadce6ba4e0b54397975b02dd6e9affed77b50a379e1747c2d0fcb81890
bidirectional,orca_rvo2_v1,orca_rvo2_v1--1ab544afd1fc,orca_rvo2_engine_v1,b577921d2bc1281a6b721c2d4778f397d37da97d,path_ratio,path length / straight-line distance,median,0.9562671548946868,30,a53a6aadce6ba4e0b54397975b02dd6e9affed77b50a379e1747c2d0fcb81890
bidirectional,orca_rvo2_v1,orca_rvo2_v1--1ab544afd1fc,orca_rvo2_engine_v1,b577921d2bc1281a6b721c2d4778f397d37da97d,rms_acceleration,m/s^2,median,1.2198837136492133,30,a53a6aadce6ba4e0b54397975b02dd6e9affed77b50a379e1747c2d0fcb81890
bidirectional,orca_rvo2_v1,orca_rvo2_v1--1ab544afd1fc,orca_rvo2_engine_v1,b577921d2bc1281a6b721c2d4778f397d37da97d,rms_jerk,m/s^3,median,70.44807045889186,30,a53a6aadce6ba4e0b54397975b02dd6e9affed77b50a379e1747c2d0fcb81890
bidirectional,orca_rvo2_v1,orca_rvo2_v1--1ab544afd1fc,orca_rvo2_engine_v1,b577921d2bc1281a6b721c2d4778f397d37da97d,correction_ratio,ratio,median,0,30,a53a6aadce6ba4e0b54397975b02dd6e9affed77b50a379e1747c2d0fcb81890
bottleneck,orca_rvo2_v1,orca_rvo2_v1--1ab544afd1fc,orca_rvo2_engine_v1,b577921d2bc1281a6b721c2d4778f397d37da97d,success_fraction,fraction,mean,0.009970238095238096,30,a53a6aadce6ba4e0b54397975b02dd6e9affed77b50a379e1747c2d0fcb81890
bottleneck,orca_rvo2_v1,orca_rvo2_v1--1ab544afd1fc,orca_rvo2_engine_v1,b577921d2bc1281a6b721c2d4778f397d37da97d,pre_correction_overlap_exposure,pair-s per agent-s,mean,0.26866877480158713,30,a53a6aadce6ba4e0b54397975b02dd6e9affed77b50a379e1747c2d0fcb81890
bottleneck,orca_rvo2_v1,orca_rvo2_v1--1ab544afd1fc,orca_rvo2_engine_v1,b577921d2bc1281a6b721c2d4778f397d37da97d,maximum_pre_correction_penetration,m,median,0.019959890734405517,30,a53a6aadce6ba4e0b54397975b02dd6e9affed77b50a379e1747c2d0fcb81890
bottleneck,orca_rvo2_v1,orca_rvo2_v1--1ab544afd1fc,orca_rvo2_engine_v1,b577921d2bc1281a6b721c2d4778f397d37da97d,normalized_travel_time,ratio conditional on success,median,1.4144932310136518,30,a53a6aadce6ba4e0b54397975b02dd6e9affed77b50a379e1747c2d0fcb81890
bottleneck,orca_rvo2_v1,orca_rvo2_v1--1ab544afd1fc,orca_rvo2_engine_v1,b577921d2bc1281a6b721c2d4778f397d37da97d,path_ratio,path length / straight-line distance,median,0.9151879238114258,30,a53a6aadce6ba4e0b54397975b02dd6e9affed77b50a379e1747c2d0fcb81890
bottleneck,orca_rvo2_v1,orca_rvo2_v1--1ab544afd1fc,orca_rvo2_engine_v1,b577921d2bc1281a6b721c2d4778f397d37da97d,rms_acceleration,m/s^2,median,1.173620192434015,30,a53a6aadce6ba4e0b54397975b02dd6e9affed77b50a379e1747c2d0fcb81890
bottleneck,orca_rvo2_v1,orca_rvo2_v1--1ab544afd1fc,orca_rvo2_engine_v1,b577921d2bc1281a6b721c2d4778f397d37da97d,rms_jerk,m/s^3,median,68.55759874788993,30,a53a6aadce6ba4e0b54397975b02dd6e9affed77b50a379e1747c2d0fcb81890
bottleneck,orca_rvo2_v1,orca_rvo2_v1--1ab544afd1fc,orca_rvo2_engine_v1,b577921d2bc1281a6b721c2d4778f397d37da97d,correction_ratio,ratio,median,0,30,a53a6aadce6ba4e0b54397975b02dd6e9affed77b50a379e1747c2d0fcb81890
bottleneck,orca_rvo2_v1,orca_rvo2_v1--1ab544afd1fc,orca_rvo2_engine_v1,b577921d2bc1281a6b721c2d4778f397d37da97d,throughput,agents/s,mean,0.055833333333333325,30,a53a6aadce6ba4e0b54397975b02dd6e9affed77b50a379e1747c2d0fcb81890
pairwise,social_force_pysocialforce_v1,social_force_pysocialforce_v1--a27575969af7,pysocialforce_engine_v1,8c81cd1ed5db8d0e933417cec77954aa967d4459,success_fraction,fraction,mean,1,200,a53a6aadce6ba4e0b54397975b02dd6e9affed77b50a379e1747c2d0fcb81890
pairwise,social_force_pysocialforce_v1,social_force_pysocialforce_v1--a27575969af7,pysocialforce_engine_v1,8c81cd1ed5db8d0e933417cec77954aa967d4459,pre_correction_overlap_exposure,pair-s per agent-s,mean,0.07806111111111128,200,a53a6aadce6ba4e0b54397975b02dd6e9affed77b50a379e1747c2d0fcb81890
pairwise,social_force_pysocialforce_v1,social_force_pysocialforce_v1--a27575969af7,pysocialforce_engine_v1,8c81cd1ed5db8d0e933417cec77954aa967d4459,maximum_pre_correction_penetration,m,median,0.1992574343250782,200,a53a6aadce6ba4e0b54397975b02dd6e9affed77b50a379e1747c2d0fcb81890
pairwise,social_force_pysocialforce_v1,social_force_pysocialforce_v1--a27575969af7,pysocialforce_engine_v1,8c81cd1ed5db8d0e933417cec77954aa967d4459,normalized_travel_time,ratio conditional on success,median,0.7787575643321116,200,a53a6aadce6ba4e0b54397975b02dd6e9affed77b50a379e1747c2d0fcb81890
pairwise,social_force_pysocialforce_v1,social_force_pysocialforce_v1--a27575969af7,pysocialforce_engine_v1,8c81cd1ed5db8d0e933417cec77954aa967d4459,path_ratio,path length / straight-line distance,median,1.010668602055844,200,a53a6aadce6ba4e0b54397975b02dd6e9affed77b50a379e1747c2d0fcb81890
pairwise,social_force_pysocialforce_v1,social_force_pysocialforce_v1--a27575969af7,pysocialforce_engine_v1,8c81cd1ed5db8d0e933417cec77954aa967d4459,rms_acceleration,m/s^2,median,3.5304722468738263,200,a53a6aadce6ba4e0b54397975b02dd6e9affed77b50a379e1747c2d0fcb81890
pairwise,social_force_pysocialforce_v1,social_force_pysocialforce_v1--a27575969af7,pysocialforce_engine_v1,8c81cd1ed5db8d0e933417cec77954aa967d4459,rms_jerk,m/s^3,median,211.54847477577061,200,a53a6aadce6ba4e0b54397975b02dd6e9affed77b50a379e1747c2d0fcb81890
pairwise,social_force_pysocialforce_v1,social_force_pysocialforce_v1--a27575969af7,pysocialforce_engine_v1,8c81cd1ed5db8d0e933417cec77954aa967d4459,correction_ratio,ratio,median,0,200,a53a6aadce6ba4e0b54397975b02dd6e9affed77b50a379e1747c2d0fcb81890
pairwise,social_force_pysocialforce_v1,social_force_pysocialforce_v1--a27575969af7,pysocialforce_engine_v1,8c81cd1ed5db8d0e933417cec77954aa967d4459,avoidance_onset_rate,fraction,mean,0.3825,200,a53a6aadce6ba4e0b54397975b02dd6e9affed77b50a379e1747c2d0fcb81890
pairwise,social_force_pysocialforce_v1,social_force_pysocialforce_v1--a27575969af7,pysocialforce_engine_v1,8c81cd1ed5db8d0e933417cec77954aa967d4459,ttc_at_onset,s,median,,90,a53a6aadce6ba4e0b54397975b02dd6e9affed77b50a379e1747c2d0fcb81890
pairwise,social_force_pysocialforce_v1,social_force_pysocialforce_v1--a27575969af7,pysocialforce_engine_v1,8c81cd1ed5db8d0e933417cec77954aa967d4459,minimum_pre_correction_physical_clearance,m,median,0.0323201623588176,200,a53a6aadce6ba4e0b54397975b02dd6e9affed77b50a379e1747c2d0fcb81890
pairwise,social_force_pysocialforce_v1,social_force_pysocialforce_v1--a27575969af7,pysocialforce_engine_v1,8c81cd1ed5db8d0e933417cec77954aa967d4459,minimum_post_correction_physical_clearance,m,median,0.0323201623588176,200,a53a6aadce6ba4e0b54397975b02dd6e9affed77b50a379e1747c2d0fcb81890
circle_antipodal,social_force_pysocialforce_v1,social_force_pysocialforce_v1--a27575969af7,pysocialforce_engine_v1,8c81cd1ed5db8d0e933417cec77954aa967d4459,success_fraction,fraction,mean,1,30,a53a6aadce6ba4e0b54397975b02dd6e9affed77b50a379e1747c2d0fcb81890
circle_antipodal,social_force_pysocialforce_v1,social_force_pysocialforce_v1--a27575969af7,pysocialforce_engine_v1,8c81cd1ed5db8d0e933417cec77954aa967d4459,pre_correction_overlap_exposure,pair-s per agent-s,mean,0.20340666666666615,30,a53a6aadce6ba4e0b54397975b02dd6e9affed77b50a379e1747c2d0fcb81890
circle_antipodal,social_force_pysocialforce_v1,social_force_pysocialforce_v1--a27575969af7,pysocialforce_engine_v1,8c81cd1ed5db8d0e933417cec77954aa967d4459,maximum_pre_correction_penetration,m,median,0.5687865900502526,30,a53a6aadce6ba4e0b54397975b02dd6e9affed77b50a379e1747c2d0fcb81890
circle_antipodal,social_force_pysocialforce_v1,social_force_pysocialforce_v1--a27575969af7,pysocialforce_engine_v1,8c81cd1ed5db8d0e933417cec77954aa967d4459,normalized_travel_time,ratio conditional on success,median,0.8994767710103714,30,a53a6aadce6ba4e0b54397975b02dd6e9affed77b50a379e1747c2d0fcb81890
circle_antipodal,social_force_pysocialforce_v1,social_force_pysocialforce_v1--a27575969af7,pysocialforce_engine_v1,8c81cd1ed5db8d0e933417cec77954aa967d4459,path_ratio,path length / straight-line distance,median,0.9864193735425775,30,a53a6aadce6ba4e0b54397975b02dd6e9affed77b50a379e1747c2d0fcb81890
circle_antipodal,social_force_pysocialforce_v1,social_force_pysocialforce_v1--a27575969af7,pysocialforce_engine_v1,8c81cd1ed5db8d0e933417cec77954aa967d4459,rms_acceleration,m/s^2,median,2.1526069155069907,30,a53a6aadce6ba4e0b54397975b02dd6e9affed77b50a379e1747c2d0fcb81890
circle_antipodal,social_force_pysocialforce_v1,social_force_pysocialforce_v1--a27575969af7,pysocialforce_engine_v1,8c81cd1ed5db8d0e933417cec77954aa967d4459,rms_jerk,m/s^3,median,127.82118983963028,30,a53a6aadce6ba4e0b54397975b02dd6e9affed77b50a379e1747c2d0fcb81890
circle_antipodal,social_force_pysocialforce_v1,social_force_pysocialforce_v1--a27575969af7,pysocialforce_engine_v1,8c81cd1ed5db8d0e933417cec77954aa967d4459,correction_ratio,ratio,median,0,30,a53a6aadce6ba4e0b54397975b02dd6e9affed77b50a379e1747c2d0fcb81890
bidirectional,social_force_pysocialforce_v1,social_force_pysocialforce_v1--a27575969af7,pysocialforce_engine_v1,8c81cd1ed5db8d0e933417cec77954aa967d4459,success_fraction,fraction,mean,0.41305555555555556,30,a53a6aadce6ba4e0b54397975b02dd6e9affed77b50a379e1747c2d0fcb81890
bidirectional,social_force_pysocialforce_v1,social_force_pysocialforce_v1--a27575969af7,pysocialforce_engine_v1,8c81cd1ed5db8d0e933417cec77954aa967d4459,pre_correction_overlap_exposure,pair-s per agent-s,mean,2.052592857142857,30,a53a6aadce6ba4e0b54397975b02dd6e9affed77b50a379e1747c2d0fcb81890
bidirectional,social_force_pysocialforce_v1,social_force_pysocialforce_v1--a27575969af7,pysocialforce_engine_v1,8c81cd1ed5db8d0e933417cec77954aa967d4459,maximum_pre_correction_penetration,m,median,0.5964152480835951,30,a53a6aadce6ba4e0b54397975b02dd6e9affed77b50a379e1747c2d0fcb81890
bidirectional,social_force_pysocialforce_v1,social_force_pysocialforce_v1--a27575969af7,pysocialforce_engine_v1,8c81cd1ed5db8d0e933417cec77954aa967d4459,normalized_travel_time,ratio conditional on success,median,1.0168445355346867,30,a53a6aadce6ba4e0b54397975b02dd6e9affed77b50a379e1747c2d0fcb81890
bidirectional,social_force_pysocialforce_v1,social_force_pysocialforce_v1--a27575969af7,pysocialforce_engine_v1,8c81cd1ed5db8d0e933417cec77954aa967d4459,path_ratio,path length / straight-line distance,median,0.9781354991972904,30,a53a6aadce6ba4e0b54397975b02dd6e9affed77b50a379e1747c2d0fcb81890
bidirectional,social_force_pysocialforce_v1,social_force_pysocialforce_v1--a27575969af7,pysocialforce_engine_v1,8c81cd1ed5db8d0e933417cec77954aa967d4459,rms_acceleration,m/s^2,median,0.8635095626561462,30,a53a6aadce6ba4e0b54397975b02dd6e9affed77b50a379e1747c2d0fcb81890
bidirectional,social_force_pysocialforce_v1,social_force_pysocialforce_v1--a27575969af7,pysocialforce_engine_v1,8c81cd1ed5db8d0e933417cec77954aa967d4459,rms_jerk,m/s^3,median,48.06692689473812,30,a53a6aadce6ba4e0b54397975b02dd6e9affed77b50a379e1747c2d0fcb81890
bidirectional,social_force_pysocialforce_v1,social_force_pysocialforce_v1--a27575969af7,pysocialforce_engine_v1,8c81cd1ed5db8d0e933417cec77954aa967d4459,correction_ratio,ratio,median,0,30,a53a6aadce6ba4e0b54397975b02dd6e9affed77b50a379e1747c2d0fcb81890
bottleneck,social_force_pysocialforce_v1,social_force_pysocialforce_v1--a27575969af7,pysocialforce_engine_v1,8c81cd1ed5db8d0e933417cec77954aa967d4459,success_fraction,fraction,mean,0.07053571428571431,30,a53a6aadce6ba4e0b54397975b02dd6e9affed77b50a379e1747c2d0fcb81890
bottleneck,social_force_pysocialforce_v1,social_force_pysocialforce_v1--a27575969af7,pysocialforce_engine_v1,8c81cd1ed5db8d0e933417cec77954aa967d4459,pre_correction_overlap_exposure,pair-s per agent-s,mean,4.082598276289683,30,a53a6aadce6ba4e0b54397975b02dd6e9affed77b50a379e1747c2d0fcb81890
bottleneck,social_force_pysocialforce_v1,social_force_pysocialforce_v1--a27575969af7,pysocialforce_engine_v1,8c81cd1ed5db8d0e933417cec77954aa967d4459,maximum_pre_correction_penetration,m,median,0.5965633985416566,30,a53a6aadce6ba4e0b54397975b02dd6e9affed77b50a379e1747c2d0fcb81890
bottleneck,social_force_pysocialforce_v1,social_force_pysocialforce_v1--a27575969af7,pysocialforce_engine_v1,8c81cd1ed5db8d0e933417cec77954aa967d4459,normalized_travel_time,ratio conditional on success,median,1.3164622275626878,30,a53a6aadce6ba4e0b54397975b02dd6e9affed77b50a379e1747c2d0fcb81890
bottleneck,social_force_pysocialforce_v1,social_force_pysocialforce_v1--a27575969af7,pysocialforce_engine_v1,8c81cd1ed5db8d0e933417cec77954aa967d4459,path_ratio,path length / straight-line distance,median,0.939686058553437,30,a53a6aadce6ba4e0b54397975b02dd6e9affed77b50a379e1747c2d0fcb81890
bottleneck,social_force_pysocialforce_v1,social_force_pysocialforce_v1--a27575969af7,pysocialforce_engine_v1,8c81cd1ed5db8d0e933417cec77954aa967d4459,rms_acceleration,m/s^2,median,0.7586750916029468,30,a53a6aadce6ba4e0b54397975b02dd6e9affed77b50a379e1747c2d0fcb81890
bottleneck,social_force_pysocialforce_v1,social_force_pysocialforce_v1--a27575969af7,pysocialforce_engine_v1,8c81cd1ed5db8d0e933417cec77954aa967d4459,rms_jerk,m/s^3,median,36.43794854660156,30,a53a6aadce6ba4e0b54397975b02dd6e9affed77b50a379e1747c2d0fcb81890
bottleneck,social_force_pysocialforce_v1,social_force_pysocialforce_v1--a27575969af7,pysocialforce_engine_v1,8c81cd1ed5db8d0e933417cec77954aa967d4459,correction_ratio,ratio,median,0,30,a53a6aadce6ba4e0b54397975b02dd6e9affed77b50a379e1747c2d0fcb81890
bottleneck,social_force_pysocialforce_v1,social_force_pysocialforce_v1--a27575969af7,pysocialforce_engine_v1,8c81cd1ed5db8d0e933417cec77954aa967d4459,throughput,agents/s,mean,0.39499999999999996,30,a53a6aadce6ba4e0b54397975b02dd6e9affed77b50a379e1747c2d0fcb81890
